{"cameraMode":{"drawMode":0,"name":"Shaded","section":"Shading Mode"},"sceneLighting":true,"audioPlay":false,"sceneViewState":{"showFog":true,"showMaterialUpdate":false,"showSkybox":true,"showFlares":true,"showImageEffects":true,"showParticleSystems":true},"in2DMode":false,"pivot":{"x":27.45374298095703,"y":-1.5050480365753174,"z":18.141679763793947},"rotation":{"x":0.08421175926923752,"y":0.25850263237953188,"z":-0.022627409547567369,"w":0.9620670080184937},"size":32.43201446533203,"orthographic":false}